Image_ID,Data_Split,Background_Color
sputum_train_0001.jpg,Train,Yellowish
sputum_train_0002.jpg,Train,Greenish
sputum_train_0003.jpg,Train,Bluish
sputum_train_0004.jpg,Train,Yellowish
sputum_train_0005.jpg,Train,Purplish/Pinkish
sputum_train_0006.png,Train,Greenish
sputum_train_0007.jpg,Train,Purplish/Pinkish
sputum_train_0008.jpg,Train,Purplish/Pinkish
sputum_train_0009.png,Train,Greenish
sputum_train_0010.jpg,Train,Purplish/Pinkish
sputum_train_0011.jpg,Train,Yellowish
sputum_train_0012.jpg,Train,Purplish/Pinkish
sputum_train_0013.png,Train,Yellowish
sputum_train_0014.jpg,Train,Purplish/Pinkish
sputum_train_0015.jpg,Train,Yellowish
sputum_train_0016.jpg,Train,Bluish
sputum_train_0017.jpg,Train,Purplish/Pinkish
sputum_train_0018.jpg,Train,Purplish/Pinkish
sputum_train_0019.jpg,Train,Yellowish
sputum_train_0020.jpg,Train,Purplish/Pinkish
sputum_train_0021.jpg,Train,Purplish/Pinkish
sputum_train_0022.jpg,Train,Purplish/Pinkish
sputum_train_0023.jpg,Train,Bluish
sputum_train_0024.jpg,Train,Purplish/Pinkish
sputum_train_0025.jpg,Train,Purplish/Pinkish
sputum_train_0026.jpg,Train,Yellowish
sputum_train_0027.jpg,Train,Yellowish
sputum_train_0028.jpg,Train,Purplish/Pinkish
sputum_train_0029.jpg,Train,Yellowish
sputum_train_0030.jpg,Train,Purplish/Pinkish
sputum_train_0031.png,Train,Yellowish
sputum_train_0032.jpg,Train,Purplish/Pinkish
sputum_train_0033.jpg,Train,Yellowish
sputum_train_0034.jpg,Train,Yellowish
sputum_train_0035.jpg,Train,Yellowish
sputum_train_0036.jpg,Train,Purplish/Pinkish
sputum_train_0037.jpg,Train,Bluish
sputum_train_0038.png,Train,Yellowish
sputum_train_0039.jpg,Train,Bluish
sputum_train_0040.jpg,Train,Purplish/Pinkish
sputum_train_0041.jpg,Train,Yellowish
sputum_train_0042.jpg,Train,Purplish/Pinkish
sputum_train_0043.jpg,Train,Purplish/Pinkish
sputum_train_0044.jpg,Train,Yellowish
sputum_train_0045.jpg,Train,Purplish/Pinkish
sputum_train_0046.jpg,Train,Bluish
sputum_train_0047.png,Train,Yellowish
sputum_train_0048.png,Train,Greenish
sputum_train_0049.jpg,Train,Purplish/Pinkish
sputum_train_0050.jpg,Train,Yellowish
sputum_train_0051.png,Train,Greenish
sputum_train_0052.jpg,Train,Purplish/Pinkish
sputum_train_0053.jpg,Train,Purplish/Pinkish
sputum_train_0054.jpg,Train,Purplish/Pinkish
sputum_train_0055.jpg,Train,Purplish/Pinkish
sputum_train_0056.jpg,Train,Purplish/Pinkish
sputum_train_0057.jpg,Train,Yellowish
sputum_train_0058.jpg,Train,Yellowish
sputum_train_0059.jpg,Train,Yellowish
sputum_train_0060.jpg,Train,Bluish
sputum_train_0061.jpg,Train,Purplish/Pinkish
sputum_train_0062.jpg,Train,Bluish
sputum_train_0063.jpg,Train,Purplish/Pinkish
sputum_train_0064.png,Train,Greenish
sputum_train_0065.jpg,Train,Yellowish
sputum_train_0066.jpg,Train,Bluish
sputum_train_0067.jpg,Train,Bluish
sputum_train_0068.png,Train,Yellowish
sputum_train_0069.jpg,Train,Yellowish
sputum_train_0070.jpg,Train,Yellowish
sputum_train_0071.png,Train,Yellowish
sputum_train_0072.jpg,Train,Yellowish
sputum_train_0073.jpg,Train,Yellowish
sputum_train_0074.jpg,Train,Greenish
sputum_train_0075.jpg,Train,Purplish/Pinkish
sputum_train_0076.jpg,Train,Yellowish
sputum_train_0077.jpg,Train,Yellowish
sputum_train_0078.png,Train,Greenish
sputum_train_0079.jpg,Train,Yellowish
sputum_train_0080.jpg,Train,Yellowish
sputum_train_0081.jpg,Train,Yellowish
sputum_train_0082.png,Train,Greenish
sputum_train_0083.jpg,Train,Yellowish
sputum_train_0084.jpg,Train,Yellowish
sputum_train_0085.jpg,Train,Purplish/Pinkish
sputum_train_0086.jpg,Train,Yellowish
sputum_train_0087.jpg,Train,Purplish/Pinkish
sputum_train_0088.jpg,Train,Yellowish
sputum_train_0089.jpg,Train,Purplish/Pinkish
sputum_train_0090.jpg,Train,Bluish
sputum_train_0091.jpg,Train,Yellowish
sputum_train_0092.jpg,Train,Purplish/Pinkish
sputum_train_0093.jpg,Train,Purplish/Pinkish
sputum_train_0094.jpg,Train,Purplish/Pinkish
sputum_train_0095.jpg,Train,Yellowish
sputum_train_0096.jpg,Train,Yellowish
sputum_train_0097.jpg,Train,Yellowish
sputum_train_0098.jpg,Train,Yellowish
sputum_train_0099.png,Train,Yellowish
sputum_train_0100.jpg,Train,Yellowish
sputum_train_0101.jpg,Train,Yellowish
sputum_train_0102.jpg,Train,Yellowish
sputum_train_0103.jpg,Train,Purplish/Pinkish
sputum_train_0104.jpg,Train,Purplish/Pinkish
sputum_train_0105.jpg,Train,Bluish
sputum_train_0106.jpg,Train,Yellowish
sputum_train_0107.jpg,Train,Purplish/Pinkish
sputum_train_0108.png,Train,Yellowish
sputum_train_0109.jpg,Train,Purplish/Pinkish
sputum_train_0110.jpg,Train,Purplish/Pinkish
sputum_train_0111.jpg,Train,Greenish
sputum_train_0112.jpg,Train,Yellowish
sputum_train_0113.jpg,Train,Purplish/Pinkish
sputum_train_0114.jpg,Train,Yellowish
sputum_train_0115.jpg,Train,Bluish
sputum_train_0116.jpg,Train,Yellowish
sputum_train_0117.jpg,Train,Purplish/Pinkish
sputum_train_0118.jpg,Train,Bluish
sputum_train_0119.jpg,Train,Purplish/Pinkish
sputum_train_0120.jpg,Train,Yellowish
sputum_train_0121.jpg,Train,Yellowish
sputum_train_0122.jpg,Train,Yellowish
sputum_train_0123.png,Train,Yellowish
sputum_train_0124.png,Train,Yellowish
sputum_train_0125.jpg,Train,Yellowish
sputum_train_0126.jpg,Train,Yellowish
sputum_train_0127.jpg,Train,Bluish
sputum_train_0128.jpg,Train,Purplish/Pinkish
sputum_train_0129.jpg,Train,Purplish/Pinkish
sputum_train_0130.jpg,Train,Purplish/Pinkish
sputum_train_0131.jpg,Train,Yellowish
sputum_train_0132.png,Train,Greenish
sputum_train_0133.jpg,Train,Yellowish
sputum_train_0134.png,Train,Greenish
sputum_train_0135.jpg,Train,Yellowish
sputum_train_0136.jpg,Train,Purplish/Pinkish
sputum_train_0137.jpg,Train,Purplish/Pinkish
sputum_train_0138.png,Train,Yellowish
sputum_train_0139.jpg,Train,Purplish/Pinkish
sputum_train_0140.jpg,Train,Yellowish
sputum_train_0141.jpg,Train,Yellowish
sputum_train_0142.jpg,Train,Yellowish
sputum_train_0143.png,Train,Greenish
sputum_train_0144.jpg,Train,Purplish/Pinkish
sputum_train_0145.jpg,Train,Bluish
sputum_train_0146.jpg,Train,Yellowish
sputum_train_0147.jpg,Train,Yellowish
sputum_train_0148.jpg,Train,Purplish/Pinkish
sputum_train_0149.jpg,Train,Bluish
sputum_train_0150.jpg,Train,Purplish/Pinkish
sputum_train_0151.jpg,Train,Yellowish
sputum_train_0152.jpg,Train,Purplish/Pinkish
sputum_train_0153.jpg,Train,Purplish/Pinkish
sputum_train_0154.png,Train,Yellowish
sputum_train_0155.jpg,Train,Yellowish
sputum_train_0156.png,Train,Yellowish
sputum_train_0157.jpg,Train,Yellowish
sputum_train_0158.jpg,Train,Purplish/Pinkish
sputum_train_0159.jpg,Train,Yellowish
sputum_train_0160.jpg,Train,Purplish/Pinkish
sputum_train_0161.jpg,Train,Bluish
sputum_train_0162.jpg,Train,Yellowish
sputum_train_0163.jpg,Train,Purplish/Pinkish
sputum_train_0164.jpg,Train,Yellowish
sputum_train_0165.jpg,Train,Purplish/Pinkish
sputum_train_0166.jpg,Train,Purplish/Pinkish
sputum_train_0167.jpg,Train,Yellowish
sputum_train_0168.jpg,Train,Purplish/Pinkish
sputum_train_0169.jpg,Train,Greenish
sputum_train_0170.jpg,Train,Yellowish
sputum_train_0171.jpg,Train,Yellowish
sputum_train_0172.jpg,Train,Purplish/Pinkish
sputum_train_0173.jpg,Train,Yellowish
sputum_train_0174.jpg,Train,Purplish/Pinkish
sputum_train_0175.jpg,Train,Purplish/Pinkish
sputum_train_0176.jpg,Train,Yellowish
sputum_train_0177.png,Train,Yellowish
sputum_train_0178.jpg,Train,Bluish
sputum_train_0179.jpg,Train,Yellowish
sputum_train_0180.jpg,Train,Yellowish
sputum_train_0181.jpg,Train,Yellowish
sputum_train_0182.jpg,Train,Purplish/Pinkish
sputum_train_0183.jpg,Train,Purplish/Pinkish
sputum_train_0184.jpg,Train,Bluish
sputum_train_0185.jpg,Train,Purplish/Pinkish
sputum_train_0186.jpg,Train,Purplish/Pinkish
sputum_train_0187.jpg,Train,Purplish/Pinkish
sputum_train_0188.jpg,Train,Yellowish
sputum_train_0189.png,Train,Greenish
sputum_train_0190.jpg,Train,Bluish
sputum_train_0191.jpg,Train,Yellowish
sputum_train_0192.jpg,Train,Yellowish
sputum_train_0193.png,Train,Yellowish
sputum_train_0194.jpg,Train,Purplish/Pinkish
sputum_train_0195.jpg,Train,Yellowish
sputum_train_0196.jpg,Train,Purplish/Pinkish
sputum_train_0197.jpg,Train,Bluish
sputum_train_0198.jpg,Train,Purplish/Pinkish
sputum_train_0199.jpg,Train,Purplish/Pinkish
sputum_train_0200.jpg,Train,Purplish/Pinkish
sputum_train_0201.jpg,Train,Yellowish
sputum_train_0202.jpg,Train,Bluish
sputum_train_0203.jpg,Train,Yellowish
sputum_train_0204.jpg,Train,Yellowish
sputum_train_0205.jpg,Train,Yellowish
sputum_train_0206.jpg,Train,Purplish/Pinkish
sputum_train_0207.jpg,Train,Purplish/Pinkish
sputum_train_0208.jpg,Train,Purplish/Pinkish
sputum_train_0209.jpg,Train,Yellowish
sputum_train_0210.jpg,Train,Purplish/Pinkish
sputum_train_0211.jpg,Train,Yellowish
sputum_train_0212.jpg,Train,Yellowish
sputum_train_0213.jpg,Train,Purplish/Pinkish
sputum_train_0214.jpg,Train,Yellowish
sputum_train_0215.jpg,Train,Yellowish
sputum_train_0216.jpg,Train,Yellowish
sputum_train_0217.jpg,Train,Yellowish
sputum_train_0218.jpg,Train,Purplish/Pinkish
sputum_train_0219.jpg,Train,Yellowish
sputum_train_0220.jpg,Train,Purplish/Pinkish
sputum_train_0221.jpg,Train,Purplish/Pinkish
sputum_train_0222.jpg,Train,Yellowish
sputum_train_0223.jpg,Train,Yellowish
sputum_train_0224.jpg,Train,Yellowish
sputum_train_0225.png,Train,Yellowish
sputum_train_0226.jpg,Train,Yellowish
sputum_train_0227.jpg,Train,Yellowish
sputum_train_0228.jpg,Train,Yellowish
sputum_train_0229.jpg,Train,Yellowish
sputum_train_0230.jpg,Train,Purplish/Pinkish
sputum_train_0231.jpg,Train,Purplish/Pinkish
sputum_train_0232.jpg,Train,Purplish/Pinkish
sputum_train_0233.jpg,Train,Purplish/Pinkish
sputum_train_0234.jpg,Train,Yellowish
sputum_train_0235.jpg,Train,Bluish
sputum_train_0236.jpg,Train,Yellowish
sputum_train_0237.jpg,Train,Purplish/Pinkish
sputum_train_0238.jpg,Train,Purplish/Pinkish
sputum_train_0239.jpg,Train,Purplish/Pinkish
sputum_train_0240.jpg,Train,Yellowish
sputum_train_0241.jpg,Train,Purplish/Pinkish
sputum_train_0242.jpg,Train,Purplish/Pinkish
sputum_train_0243.jpg,Train,Purplish/Pinkish
sputum_train_0244.jpg,Train,Yellowish
sputum_train_0245.jpg,Train,Yellowish
sputum_train_0246.png,Train,Yellowish
sputum_train_0247.png,Train,Yellowish
sputum_train_0248.png,Train,Greenish
sputum_train_0249.jpg,Train,Purplish/Pinkish
sputum_train_0250.jpg,Train,Yellowish
sputum_train_0251.jpg,Train,Yellowish
sputum_train_0252.jpg,Train,Purplish/Pinkish
sputum_train_0253.jpg,Train,Purplish/Pinkish
sputum_train_0254.jpg,Train,Bluish
sputum_train_0255.jpg,Train,Purplish/Pinkish
sputum_train_0256.jpg,Train,Yellowish
sputum_train_0257.jpg,Train,Yellowish
sputum_train_0258.jpg,Train,Yellowish
sputum_train_0259.jpg,Train,Purplish/Pinkish
sputum_train_0260.jpg,Train,Purplish/Pinkish
sputum_train_0261.jpg,Train,Yellowish
sputum_train_0262.png,Train,Yellowish
sputum_train_0263.jpg,Train,Yellowish
sputum_train_0264.jpg,Train,Yellowish
sputum_train_0265.jpg,Train,Yellowish
sputum_train_0266.jpg,Train,Yellowish
sputum_train_0267.jpg,Train,Yellowish
sputum_train_0268.jpg,Train,Yellowish
sputum_train_0269.jpg,Train,Bluish
sputum_train_0270.jpg,Train,Purplish/Pinkish
sputum_train_0271.jpg,Train,Purplish/Pinkish
sputum_train_0272.jpg,Train,Purplish/Pinkish
sputum_train_0273.jpg,Train,Yellowish
sputum_train_0274.jpg,Train,Purplish/Pinkish
sputum_train_0275.png,Train,Greenish
sputum_train_0276.jpg,Train,Purplish/Pinkish
sputum_train_0277.jpg,Train,Yellowish
sputum_train_0278.jpg,Train,Yellowish
sputum_train_0279.jpg,Train,Yellowish
sputum_train_0280.jpg,Train,Purplish/Pinkish
sputum_train_0281.jpg,Train,Bluish
sputum_train_0282.png,Train,Yellowish
sputum_train_0283.jpg,Train,Purplish/Pinkish
sputum_train_0284.jpg,Train,Yellowish
sputum_train_0285.jpg,Train,Yellowish
sputum_train_0286.jpg,Train,Yellowish
sputum_train_0287.jpg,Train,Purplish/Pinkish
sputum_train_0288.jpg,Train,Bluish
sputum_train_0289.jpg,Train,Yellowish
sputum_train_0290.jpg,Train,Yellowish
sputum_train_0291.jpg,Train,Yellowish
sputum_train_0292.png,Train,Yellowish
sputum_train_0293.jpg,Train,Yellowish
sputum_train_0294.jpg,Train,Yellowish
sputum_train_0295.jpg,Train,Yellowish
sputum_train_0296.jpg,Train,Purplish/Pinkish
sputum_train_0297.jpg,Train,Purplish/Pinkish
sputum_train_0298.jpg,Train,Purplish/Pinkish
sputum_train_0299.jpg,Train,Purplish/Pinkish
sputum_train_0300.jpg,Train,Purplish/Pinkish
sputum_train_0301.jpg,Train,Yellowish
sputum_train_0302.jpg,Train,Greenish
sputum_train_0303.jpg,Train,Purplish/Pinkish
sputum_train_0304.jpg,Train,Purplish/Pinkish
sputum_train_0305.jpg,Train,Purplish/Pinkish
sputum_train_0306.jpg,Train,Purplish/Pinkish
sputum_train_0307.jpg,Train,Purplish/Pinkish
sputum_train_0308.jpg,Train,Purplish/Pinkish
sputum_train_0309.jpg,Train,Yellowish
sputum_train_0310.png,Train,Yellowish
sputum_train_0311.jpg,Train,Yellowish
sputum_train_0312.jpg,Train,Yellowish
sputum_train_0313.jpg,Train,Yellowish
sputum_train_0314.jpg,Train,Yellowish
sputum_train_0315.jpg,Train,Purplish/Pinkish
sputum_train_0316.jpg,Train,Bluish
sputum_train_0317.jpg,Train,Bluish
sputum_train_0318.jpg,Train,Yellowish
sputum_train_0319.jpg,Train,Purplish/Pinkish
sputum_train_0320.jpg,Train,Greenish
sputum_train_0321.jpg,Train,Yellowish
sputum_train_0322.jpg,Train,Yellowish
sputum_train_0323.jpg,Train,Purplish/Pinkish
sputum_train_0324.jpg,Train,Purplish/Pinkish
sputum_train_0325.jpg,Train,Bluish
sputum_train_0326.jpg,Train,Purplish/Pinkish
sputum_train_0327.jpg,Train,Yellowish
sputum_train_0328.jpg,Train,Purplish/Pinkish
sputum_train_0329.jpg,Train,Yellowish
sputum_train_0330.jpg,Train,Yellowish
sputum_train_0331.jpg,Train,Purplish/Pinkish
sputum_train_0332.jpg,Train,Purplish/Pinkish
sputum_train_0333.jpg,Train,Yellowish
sputum_train_0334.jpg,Train,Purplish/Pinkish
sputum_train_0335.jpg,Train,Yellowish
sputum_train_0336.jpg,Train,Yellowish
sputum_train_0337.jpg,Train,Purplish/Pinkish
sputum_train_0338.jpg,Train,Yellowish
sputum_train_0339.jpg,Train,Yellowish
sputum_train_0340.jpg,Train,Bluish
sputum_train_0341.jpg,Train,Yellowish
sputum_train_0342.jpg,Train,Purplish/Pinkish
sputum_train_0343.jpg,Train,Purplish/Pinkish
sputum_train_0344.jpg,Train,Purplish/Pinkish
sputum_train_0345.jpg,Train,Yellowish
sputum_train_0346.jpg,Train,Yellowish
sputum_train_0347.jpg,Train,Yellowish
sputum_train_0348.jpg,Train,Yellowish
sputum_train_0349.jpg,Train,Purplish/Pinkish
sputum_train_0350.jpg,Train,Bluish
sputum_train_0351.jpg,Train,Yellowish
sputum_train_0352.jpg,Train,Purplish/Pinkish
sputum_train_0353.jpg,Train,Purplish/Pinkish
sputum_train_0354.png,Train,Greenish
sputum_train_0355.jpg,Train,Purplish/Pinkish
sputum_train_0356.jpg,Train,Yellowish
sputum_train_0357.jpg,Train,Purplish/Pinkish
sputum_train_0358.png,Train,Yellowish
sputum_train_0359.jpg,Train,Greenish
sputum_train_0360.png,Train,Yellowish
sputum_train_0361.png,Train,Yellowish
sputum_train_0362.jpg,Train,Yellowish
sputum_train_0363.jpg,Train,Purplish/Pinkish
sputum_train_0364.jpg,Train,Yellowish
sputum_train_0365.jpg,Train,Purplish/Pinkish
sputum_train_0366.jpg,Train,Yellowish
sputum_train_0367.jpg,Train,Yellowish
sputum_train_0368.jpg,Train,Yellowish
sputum_train_0369.jpg,Train,Purplish/Pinkish
sputum_train_0370.jpg,Train,Bluish
sputum_train_0371.jpg,Train,Yellowish
sputum_train_0372.jpg,Train,Yellowish
sputum_train_0373.jpg,Train,Purplish/Pinkish
sputum_train_0374.png,Train,Yellowish
sputum_train_0375.jpg,Train,Yellowish
sputum_train_0376.jpg,Train,Yellowish
sputum_train_0377.png,Train,Yellowish
sputum_train_0378.jpg,Train,Purplish/Pinkish
sputum_train_0379.jpg,Train,Purplish/Pinkish
sputum_train_0380.jpg,Train,Purplish/Pinkish
sputum_train_0381.jpg,Train,Purplish/Pinkish
sputum_train_0382.jpg,Train,Yellowish
sputum_train_0383.jpg,Train,Purplish/Pinkish
sputum_train_0384.jpg,Train,Yellowish
sputum_train_0385.jpg,Train,Purplish/Pinkish
sputum_train_0386.jpg,Train,Purplish/Pinkish
sputum_train_0387.png,Train,Yellowish
sputum_train_0388.jpg,Train,Purplish/Pinkish
sputum_train_0389.jpg,Train,Bluish
sputum_train_0390.jpg,Train,Yellowish
sputum_train_0391.jpg,Train,Yellowish
sputum_train_0392.jpg,Train,Purplish/Pinkish
sputum_train_0393.png,Train,Yellowish
sputum_train_0394.jpg,Train,Yellowish
sputum_train_0395.jpg,Train,Purplish/Pinkish
sputum_train_0396.jpg,Train,Yellowish
sputum_train_0397.png,Train,Yellowish
sputum_train_0398.jpg,Train,Purplish/Pinkish
sputum_train_0399.png,Train,Yellowish
sputum_train_0400.jpg,Train,Purplish/Pinkish
sputum_train_0401.jpg,Train,Purplish/Pinkish
sputum_train_0402.jpg,Train,Bluish
sputum_train_0403.jpg,Train,Purplish/Pinkish
sputum_train_0404.jpg,Train,Purplish/Pinkish
sputum_train_0405.jpg,Train,Yellowish
sputum_train_0406.jpg,Train,Yellowish
sputum_train_0407.jpg,Train,Yellowish
sputum_train_0408.jpg,Train,Purplish/Pinkish
sputum_train_0409.jpg,Train,Yellowish
sputum_train_0410.jpg,Train,Yellowish
sputum_train_0411.jpg,Train,Purplish/Pinkish
sputum_train_0412.jpg,Train,Purplish/Pinkish
sputum_train_0413.jpg,Train,Yellowish
sputum_train_0414.png,Train,Greenish
sputum_train_0415.jpg,Train,Purplish/Pinkish
sputum_train_0416.jpg,Train,Purplish/Pinkish
sputum_train_0417.jpg,Train,Yellowish
sputum_train_0418.jpg,Train,Yellowish
sputum_train_0419.jpg,Train,Purplish/Pinkish
sputum_train_0420.jpg,Train,Bluish
sputum_train_0421.jpg,Train,Yellowish
sputum_train_0422.jpg,Train,Purplish/Pinkish
sputum_train_0423.jpg,Train,Yellowish
sputum_train_0424.jpg,Train,Purplish/Pinkish
sputum_train_0425.jpg,Train,Yellowish
sputum_train_0426.jpg,Train,Yellowish
sputum_train_0427.jpg,Train,Purplish/Pinkish
sputum_train_0428.jpg,Train,Yellowish
sputum_train_0429.jpg,Train,Yellowish
sputum_train_0430.png,Train,Greenish
sputum_train_0431.jpg,Train,Yellowish
sputum_train_0432.jpg,Train,Yellowish
sputum_train_0433.jpg,Train,Purplish/Pinkish
sputum_train_0434.jpg,Train,Yellowish
sputum_train_0435.jpg,Train,Purplish/Pinkish
sputum_train_0436.jpg,Train,Bluish
sputum_train_0437.jpg,Train,Purplish/Pinkish
sputum_train_0438.jpg,Train,Yellowish
sputum_train_0439.jpg,Train,Yellowish
sputum_train_0440.jpg,Train,Yellowish
sputum_train_0441.jpg,Train,Yellowish
sputum_train_0442.jpg,Train,Purplish/Pinkish
sputum_train_0443.jpg,Train,Purplish/Pinkish
sputum_train_0444.jpg,Train,Purplish/Pinkish
sputum_train_0445.jpg,Train,Bluish
sputum_train_0446.jpg,Train,Purplish/Pinkish
sputum_train_0447.jpg,Train,Purplish/Pinkish
sputum_train_0448.jpg,Train,Yellowish
sputum_train_0449.jpg,Train,Purplish/Pinkish
sputum_train_0450.jpg,Train,Yellowish
sputum_train_0451.jpg,Train,Yellowish
sputum_train_0452.jpg,Train,Yellowish
sputum_train_0453.jpg,Train,Purplish/Pinkish
sputum_train_0454.jpg,Train,Yellowish
sputum_train_0455.jpg,Train,Bluish
sputum_train_0456.jpg,Train,Purplish/Pinkish
sputum_train_0457.jpg,Train,Purplish/Pinkish
sputum_train_0458.jpg,Train,Yellowish
sputum_train_0459.jpg,Train,Yellowish
sputum_train_0460.jpg,Train,Bluish
sputum_train_0461.jpg,Train,Purplish/Pinkish
sputum_train_0462.jpg,Train,Purplish/Pinkish
sputum_train_0463.jpg,Train,Purplish/Pinkish
sputum_train_0464.jpg,Train,Purplish/Pinkish
sputum_train_0465.jpg,Train,Yellowish
sputum_train_0466.png,Train,Greenish
sputum_train_0467.jpg,Train,Yellowish
sputum_train_0468.jpg,Train,Purplish/Pinkish
sputum_train_0469.jpg,Train,Purplish/Pinkish
sputum_train_0470.jpg,Train,Purplish/Pinkish
sputum_train_0471.png,Train,Greenish
sputum_train_0472.jpg,Train,Purplish/Pinkish
sputum_train_0473.jpg,Train,Bluish
sputum_train_0474.jpg,Train,Yellowish
sputum_train_0475.jpg,Train,Purplish/Pinkish
sputum_train_0476.jpg,Train,Yellowish
sputum_train_0477.jpg,Train,Bluish
sputum_train_0478.jpg,Train,Purplish/Pinkish
sputum_train_0479.jpg,Train,Bluish
sputum_train_0480.jpg,Train,Greenish
sputum_train_0481.jpg,Train,Yellowish
sputum_train_0482.jpg,Train,Bluish
sputum_train_0483.jpg,Train,Purplish/Pinkish
sputum_train_0484.jpg,Train,Purplish/Pinkish
sputum_train_0485.jpg,Train,Yellowish
sputum_train_0486.png,Train,Greenish
sputum_train_0487.jpg,Train,Purplish/Pinkish
sputum_train_0488.jpg,Train,Yellowish
sputum_train_0489.jpg,Train,Purplish/Pinkish
sputum_train_0490.jpg,Train,Purplish/Pinkish
sputum_train_0491.jpg,Train,Yellowish
sputum_train_0492.jpg,Train,Yellowish
sputum_train_0493.jpg,Train,Yellowish
sputum_train_0494.jpg,Train,Yellowish
sputum_train_0495.jpg,Train,Purplish/Pinkish
sputum_train_0496.jpg,Train,Yellowish
sputum_train_0497.jpg,Train,Purplish/Pinkish
sputum_train_0498.jpg,Train,Purplish/Pinkish
sputum_train_0499.png,Train,Yellowish
sputum_train_0500.jpg,Train,Bluish
sputum_train_0501.jpg,Train,Purplish/Pinkish
sputum_train_0502.jpg,Train,Purplish/Pinkish
sputum_train_0503.jpg,Train,Purplish/Pinkish
sputum_train_0504.jpg,Train,Yellowish
sputum_train_0505.jpg,Train,Yellowish
sputum_train_0506.jpg,Train,Yellowish
sputum_train_0507.jpg,Train,Bluish
sputum_train_0508.jpg,Train,Purplish/Pinkish
sputum_train_0509.jpg,Train,Yellowish
sputum_train_0510.jpg,Train,Bluish
sputum_train_0511.jpg,Train,Yellowish
sputum_train_0512.jpg,Train,Purplish/Pinkish
sputum_train_0513.jpg,Train,Yellowish
sputum_train_0514.jpg,Train,Purplish/Pinkish
sputum_train_0515.jpg,Train,Purplish/Pinkish
sputum_train_0516.jpg,Train,Purplish/Pinkish
sputum_train_0517.jpg,Train,Purplish/Pinkish
sputum_train_0518.png,Train,Yellowish
sputum_train_0519.jpg,Train,Yellowish
sputum_train_0520.jpg,Train,Yellowish
sputum_train_0521.jpg,Train,Bluish
sputum_train_0522.jpg,Train,Yellowish
sputum_train_0523.jpg,Train,Yellowish
sputum_train_0524.jpg,Train,Yellowish
sputum_train_0525.jpg,Train,Yellowish
sputum_train_0526.jpg,Train,Purplish/Pinkish
sputum_train_0527.jpg,Train,Yellowish
sputum_train_0528.jpg,Train,Yellowish
sputum_train_0529.jpg,Train,Purplish/Pinkish
sputum_train_0530.jpg,Train,Yellowish
sputum_train_0531.jpg,Train,Purplish/Pinkish
sputum_train_0532.jpg,Train,Purplish/Pinkish
sputum_train_0533.jpg,Train,Purplish/Pinkish
sputum_train_0534.jpg,Train,Yellowish
sputum_train_0535.jpg,Train,Purplish/Pinkish
sputum_train_0536.jpg,Train,Purplish/Pinkish
sputum_train_0537.jpg,Train,Yellowish
sputum_train_0538.jpg,Train,Purplish/Pinkish
sputum_train_0539.jpg,Train,Bluish
sputum_train_0540.jpg,Train,Purplish/Pinkish
sputum_train_0541.jpg,Train,Greenish
sputum_train_0542.jpg,Train,Yellowish
sputum_train_0543.jpg,Train,Yellowish
sputum_train_0544.jpg,Train,Yellowish
sputum_train_0545.jpg,Train,Yellowish
sputum_train_0546.jpg,Train,Yellowish
sputum_train_0547.jpg,Train,Yellowish
sputum_train_0548.jpg,Train,Yellowish
sputum_train_0549.jpg,Train,Purplish/Pinkish
sputum_train_0550.jpg,Train,Bluish
sputum_train_0551.jpg,Train,Purplish/Pinkish
sputum_train_0552.jpg,Train,Purplish/Pinkish
sputum_train_0553.jpg,Train,Purplish/Pinkish
sputum_train_0554.jpg,Train,Bluish
sputum_train_0555.jpg,Train,Purplish/Pinkish
sputum_train_0556.jpg,Train,Yellowish
sputum_train_0557.jpg,Train,Purplish/Pinkish
sputum_train_0558.jpg,Train,Yellowish
sputum_train_0559.jpg,Train,Yellowish
sputum_train_0560.jpg,Train,Bluish
sputum_train_0561.jpg,Train,Purplish/Pinkish
sputum_train_0562.jpg,Train,Purplish/Pinkish
sputum_train_0563.png,Train,Yellowish
sputum_train_0564.jpg,Train,Yellowish
sputum_train_0565.jpg,Train,Yellowish
sputum_train_0566.jpg,Train,Purplish/Pinkish
sputum_train_0567.jpg,Train,Purplish/Pinkish
sputum_train_0568.png,Train,Yellowish
sputum_train_0569.jpg,Train,Purplish/Pinkish
sputum_train_0570.jpg,Train,Purplish/Pinkish
sputum_train_0571.jpg,Train,Yellowish
sputum_train_0572.jpg,Train,Yellowish
sputum_train_0573.jpg,Train,Purplish/Pinkish
sputum_train_0574.jpg,Train,Purplish/Pinkish
sputum_train_0575.jpg,Train,Purplish/Pinkish
sputum_train_0576.jpg,Train,Yellowish
sputum_train_0577.png,Train,Yellowish
sputum_train_0578.jpg,Train,Yellowish
sputum_train_0579.jpg,Train,Purplish/Pinkish
sputum_train_0580.jpg,Train,Yellowish
sputum_train_0581.jpg,Train,Yellowish
sputum_train_0582.jpg,Train,Purplish/Pinkish
sputum_train_0583.jpg,Train,Yellowish
sputum_train_0584.jpg,Train,Purplish/Pinkish
sputum_train_0585.jpg,Train,Purplish/Pinkish
sputum_train_0586.jpg,Train,Yellowish
sputum_train_0587.jpg,Train,Yellowish
sputum_train_0588.jpg,Train,Purplish/Pinkish
sputum_train_0589.jpg,Train,Yellowish
sputum_train_0590.jpg,Train,Purplish/Pinkish
sputum_train_0591.jpg,Train,Yellowish
sputum_train_0592.jpg,Train,Yellowish
sputum_train_0593.jpg,Train,Purplish/Pinkish
sputum_train_0594.jpg,Train,Purplish/Pinkish
sputum_train_0595.jpg,Train,Yellowish
sputum_train_0596.png,Train,Yellowish
sputum_train_0597.png,Train,Yellowish
sputum_train_0598.jpg,Train,Purplish/Pinkish
sputum_train_0599.jpg,Train,Purplish/Pinkish
sputum_train_0600.jpg,Train,Yellowish
sputum_train_0601.jpg,Train,Yellowish
sputum_train_0602.jpg,Train,Yellowish
sputum_train_0603.jpg,Train,Yellowish
sputum_train_0604.jpg,Train,Purplish/Pinkish
sputum_train_0605.jpg,Train,Yellowish
sputum_train_0606.jpg,Train,Purplish/Pinkish
sputum_train_0607.jpg,Train,Purplish/Pinkish
sputum_train_0608.jpg,Train,Yellowish
sputum_train_0609.jpg,Train,Yellowish
sputum_train_0610.jpg,Train,Yellowish
sputum_train_0611.jpg,Train,Purplish/Pinkish
sputum_train_0612.jpg,Train,Yellowish
sputum_train_0613.jpg,Train,Purplish/Pinkish
sputum_train_0614.jpg,Train,Purplish/Pinkish
sputum_train_0615.jpg,Train,Greenish
sputum_train_0616.jpg,Train,Purplish/Pinkish
sputum_train_0617.jpg,Train,Purplish/Pinkish
sputum_train_0618.jpg,Train,Purplish/Pinkish
sputum_train_0619.jpg,Train,Yellowish
sputum_train_0620.jpg,Train,Purplish/Pinkish
sputum_train_0621.jpg,Train,Yellowish
sputum_train_0622.jpg,Train,Yellowish
sputum_train_0623.png,Train,Yellowish
sputum_train_0624.jpg,Train,Purplish/Pinkish
sputum_train_0625.jpg,Train,Purplish/Pinkish
sputum_train_0626.jpg,Train,Yellowish
sputum_train_0627.jpg,Train,Purplish/Pinkish
sputum_train_0628.png,Train,Greenish
sputum_train_0629.jpg,Train,Yellowish
sputum_train_0630.jpg,Train,Purplish/Pinkish
sputum_train_0631.jpg,Train,Purplish/Pinkish
sputum_train_0632.jpg,Train,Purplish/Pinkish
sputum_train_0633.jpg,Train,Yellowish
sputum_train_0634.jpg,Train,Purplish/Pinkish
sputum_train_0635.jpg,Train,Purplish/Pinkish
sputum_train_0636.jpg,Train,Yellowish
sputum_train_0637.jpg,Train,Purplish/Pinkish
sputum_train_0638.jpg,Train,Purplish/Pinkish
sputum_train_0639.jpg,Train,Purplish/Pinkish
sputum_train_0640.jpg,Train,Yellowish
sputum_train_0641.jpg,Train,Yellowish
sputum_train_0642.jpg,Train,Purplish/Pinkish
sputum_train_0643.jpg,Train,Purplish/Pinkish
sputum_train_0644.jpg,Train,Greenish
sputum_train_0645.jpg,Train,Purplish/Pinkish
sputum_train_0646.png,Train,Yellowish
sputum_train_0647.jpg,Train,Purplish/Pinkish
sputum_train_0648.jpg,Train,Purplish/Pinkish
sputum_train_0649.jpg,Train,Purplish/Pinkish
sputum_train_0650.jpg,Train,Purplish/Pinkish
sputum_train_0651.jpg,Train,Yellowish
sputum_train_0652.jpg,Train,Purplish/Pinkish
sputum_train_0653.png,Train,Yellowish
sputum_train_0654.jpg,Train,Purplish/Pinkish
sputum_train_0655.jpg,Train,Yellowish
sputum_train_0656.jpg,Train,Yellowish
sputum_train_0657.jpg,Train,Bluish
sputum_train_0658.jpg,Train,Bluish
sputum_train_0659.jpg,Train,Bluish
sputum_train_0660.png,Train,Yellowish
sputum_train_0661.jpg,Train,Yellowish
sputum_train_0662.jpg,Train,Yellowish
sputum_train_0663.jpg,Train,Purplish/Pinkish
sputum_train_0664.jpg,Train,Yellowish
sputum_train_0665.jpg,Train,Yellowish
sputum_train_0666.jpg,Train,Purplish/Pinkish
sputum_train_0667.jpg,Train,Yellowish
sputum_train_0668.jpg,Train,Yellowish
sputum_train_0669.jpg,Train,Yellowish
sputum_train_0670.jpg,Train,Purplish/Pinkish
sputum_train_0671.jpg,Train,Yellowish
sputum_train_0672.jpg,Train,Bluish
sputum_train_0673.jpg,Train,Yellowish
sputum_train_0674.jpg,Train,Yellowish
sputum_train_0675.jpg,Train,Purplish/Pinkish
sputum_train_0676.jpg,Train,Bluish
sputum_train_0677.jpg,Train,Purplish/Pinkish
sputum_train_0678.jpg,Train,Yellowish
sputum_train_0679.jpg,Train,Purplish/Pinkish
sputum_train_0680.jpg,Train,Yellowish
sputum_train_0681.jpg,Train,Purplish/Pinkish
sputum_train_0682.jpg,Train,Purplish/Pinkish
sputum_train_0683.jpg,Train,Yellowish
sputum_train_0684.jpg,Train,Purplish/Pinkish
sputum_train_0685.png,Train,Yellowish
sputum_train_0686.jpg,Train,Yellowish
sputum_train_0687.png,Train,Yellowish
sputum_train_0688.jpg,Train,Yellowish
sputum_train_0689.jpg,Train,Purplish/Pinkish
sputum_train_0690.jpg,Train,Yellowish
sputum_train_0691.jpg,Train,Yellowish
sputum_train_0692.jpg,Train,Yellowish
sputum_train_0693.jpg,Train,Yellowish
sputum_train_0694.jpg,Train,Purplish/Pinkish
sputum_train_0695.jpg,Train,Purplish/Pinkish
sputum_train_0696.jpg,Train,Purplish/Pinkish
sputum_train_0697.jpg,Train,Bluish
sputum_train_0698.jpg,Train,Yellowish
sputum_train_0699.jpg,Train,Yellowish
sputum_train_0700.jpg,Train,Yellowish
sputum_train_0701.jpg,Train,Yellowish
sputum_train_0702.jpg,Train,Purplish/Pinkish
sputum_train_0703.jpg,Train,Yellowish
sputum_train_0704.jpg,Train,Greenish
sputum_train_0705.png,Train,Yellowish
sputum_train_0706.jpg,Train,Yellowish
sputum_train_0707.jpg,Train,Yellowish
sputum_train_0708.jpg,Train,Purplish/Pinkish
sputum_train_0709.jpg,Train,Purplish/Pinkish
sputum_train_0710.jpg,Train,Purplish/Pinkish
sputum_train_0711.jpg,Train,Yellowish
sputum_train_0712.jpg,Train,Yellowish
sputum_train_0713.jpg,Train,Bluish
sputum_train_0714.jpg,Train,Bluish
sputum_train_0715.jpg,Train,Yellowish
sputum_train_0716.jpg,Train,Purplish/Pinkish
sputum_train_0717.jpg,Train,Bluish
sputum_train_0718.jpg,Train,Bluish
sputum_train_0719.jpg,Train,Bluish
sputum_train_0720.jpg,Train,Purplish/Pinkish
sputum_train_0721.jpg,Train,Purplish/Pinkish
sputum_train_0722.jpg,Train,Purplish/Pinkish
sputum_train_0723.jpg,Train,Purplish/Pinkish
sputum_train_0724.jpg,Train,Yellowish
sputum_train_0725.jpg,Train,Purplish/Pinkish
sputum_train_0726.jpg,Train,Purplish/Pinkish
sputum_train_0727.jpg,Train,Bluish
sputum_train_0728.jpg,Train,Bluish
sputum_train_0729.jpg,Train,Purplish/Pinkish
sputum_train_0730.jpg,Train,Yellowish
sputum_train_0731.png,Train,Greenish
sputum_train_0732.jpg,Train,Yellowish
sputum_train_0733.jpg,Train,Yellowish
sputum_train_0734.jpg,Train,Yellowish
sputum_train_0735.jpg,Train,Yellowish
sputum_train_0736.jpg,Train,Yellowish
sputum_train_0737.jpg,Train,Purplish/Pinkish
sputum_train_0738.jpg,Train,Yellowish
sputum_train_0739.jpg,Train,Bluish
sputum_train_0740.jpg,Train,Purplish/Pinkish
sputum_train_0741.jpg,Train,Yellowish
sputum_train_0742.jpg,Train,Yellowish
sputum_train_0743.jpg,Train,Yellowish
sputum_train_0744.jpg,Train,Yellowish
sputum_train_0745.jpg,Train,Purplish/Pinkish
sputum_train_0746.jpg,Train,Purplish/Pinkish
sputum_train_0747.png,Train,Yellowish
sputum_train_0748.jpg,Train,Yellowish
sputum_train_0749.jpg,Train,Purplish/Pinkish
sputum_train_0750.jpg,Train,Yellowish
sputum_train_0751.png,Train,Yellowish
sputum_train_0752.jpg,Train,Yellowish
sputum_train_0753.jpg,Train,Greenish
sputum_train_0754.png,Train,Yellowish
sputum_train_0755.jpg,Train,Yellowish
sputum_train_0756.jpg,Train,Purplish/Pinkish
sputum_train_0757.jpg,Train,Purplish/Pinkish
sputum_train_0758.jpg,Train,Yellowish
sputum_train_0759.jpg,Train,Purplish/Pinkish
sputum_train_0760.jpg,Train,Purplish/Pinkish
sputum_train_0761.jpg,Train,Yellowish
sputum_train_0762.jpg,Train,Yellowish
sputum_train_0763.jpg,Train,Bluish
sputum_train_0764.jpg,Train,Yellowish
sputum_train_0765.jpg,Train,Purplish/Pinkish
sputum_train_0766.jpg,Train,Yellowish
sputum_train_0767.jpg,Train,Yellowish
sputum_train_0768.jpg,Train,Yellowish
sputum_train_0769.png,Train,Yellowish
sputum_train_0770.jpg,Train,Purplish/Pinkish
sputum_train_0771.jpg,Train,Purplish/Pinkish
sputum_train_0772.jpg,Train,Purplish/Pinkish
sputum_train_0773.jpg,Train,Bluish
sputum_train_0774.jpg,Train,Yellowish
sputum_train_0775.jpg,Train,Purplish/Pinkish
sputum_train_0776.jpg,Train,Purplish/Pinkish
sputum_train_0777.jpg,Train,Purplish/Pinkish
sputum_train_0778.png,Train,Yellowish
sputum_train_0779.png,Train,Yellowish
sputum_train_0780.jpg,Train,Yellowish
sputum_train_0781.jpg,Train,Yellowish
sputum_train_0782.png,Train,Yellowish
sputum_train_0783.jpg,Train,Yellowish
sputum_train_0784.jpg,Train,Purplish/Pinkish
sputum_train_0785.jpg,Train,Yellowish
sputum_train_0786.jpg,Train,Purplish/Pinkish
sputum_train_0787.jpg,Train,Purplish/Pinkish
sputum_train_0788.jpg,Train,Purplish/Pinkish
sputum_train_0789.jpg,Train,Yellowish
sputum_train_0790.jpg,Train,Yellowish
sputum_train_0791.jpg,Train,Yellowish
sputum_train_0792.jpg,Train,Purplish/Pinkish
sputum_train_0793.jpg,Train,Yellowish
sputum_train_0794.jpg,Train,Bluish
sputum_train_0795.jpg,Train,Yellowish
sputum_train_0796.jpg,Train,Purplish/Pinkish
sputum_train_0797.jpg,Train,Yellowish
sputum_train_0798.jpg,Train,Yellowish
sputum_train_0799.jpg,Train,Yellowish
sputum_train_0800.jpg,Train,Yellowish
sputum_train_0801.jpg,Train,Purplish/Pinkish
sputum_train_0802.jpg,Train,Yellowish
sputum_train_0803.jpg,Train,Purplish/Pinkish
sputum_train_0804.jpg,Train,Purplish/Pinkish
sputum_train_0805.jpg,Train,Yellowish
sputum_train_0806.jpg,Train,Purplish/Pinkish
sputum_train_0807.jpg,Train,Purplish/Pinkish
sputum_train_0808.jpg,Train,Purplish/Pinkish
sputum_train_0809.jpg,Train,Purplish/Pinkish
sputum_train_0810.jpg,Train,Purplish/Pinkish
sputum_train_0811.jpg,Train,Yellowish
sputum_train_0812.jpg,Train,Yellowish
sputum_train_0813.jpg,Train,Purplish/Pinkish
sputum_train_0814.jpg,Train,Yellowish
sputum_train_0815.jpg,Train,Bluish
sputum_train_0816.jpg,Train,Bluish
sputum_train_0817.jpg,Train,Purplish/Pinkish
sputum_train_0818.jpg,Train,Bluish
sputum_train_0819.jpg,Train,Purplish/Pinkish
sputum_train_0820.jpg,Train,Yellowish
sputum_train_0821.jpg,Train,Yellowish
sputum_train_0822.jpg,Train,Yellowish
sputum_train_0823.jpg,Train,Bluish
sputum_train_0824.jpg,Train,Purplish/Pinkish
sputum_train_0825.jpg,Train,Purplish/Pinkish
sputum_train_0826.jpg,Train,Purplish/Pinkish
sputum_train_0827.jpg,Train,Bluish
sputum_train_0828.jpg,Train,Yellowish
sputum_train_0829.jpg,Train,Purplish/Pinkish
sputum_train_0830.jpg,Train,Purplish/Pinkish
sputum_train_0831.jpg,Train,Purplish/Pinkish
sputum_train_0832.jpg,Train,Bluish
sputum_train_0833.jpg,Train,Yellowish
sputum_train_0834.jpg,Train,Purplish/Pinkish
sputum_train_0835.jpg,Train,Purplish/Pinkish
sputum_train_0836.jpg,Train,Purplish/Pinkish
sputum_train_0837.png,Train,Yellowish
sputum_train_0838.jpg,Train,Yellowish
sputum_train_0839.jpg,Train,Purplish/Pinkish
sputum_train_0840.png,Train,Yellowish
sputum_train_0841.png,Train,Yellowish
sputum_train_0842.png,Train,Yellowish
sputum_train_0843.jpg,Train,Purplish/Pinkish
sputum_train_0844.jpg,Train,Bluish
sputum_train_0845.png,Train,Yellowish
sputum_train_0846.jpg,Train,Purplish/Pinkish
sputum_train_0847.jpg,Train,Greenish
sputum_train_0848.jpg,Train,Purplish/Pinkish
sputum_train_0849.jpg,Train,Purplish/Pinkish
sputum_train_0850.jpg,Train,Yellowish
sputum_train_0851.jpg,Train,Purplish/Pinkish
sputum_train_0852.jpg,Train,Yellowish
sputum_train_0853.jpg,Train,Yellowish
sputum_train_0854.jpg,Train,Purplish/Pinkish
sputum_train_0855.jpg,Train,Purplish/Pinkish
sputum_train_0856.jpg,Train,Purplish/Pinkish
sputum_train_0857.jpg,Train,Purplish/Pinkish
sputum_train_0858.jpg,Train,Yellowish
sputum_train_0859.jpg,Train,Yellowish
sputum_train_0860.jpg,Train,Purplish/Pinkish
sputum_train_0861.jpg,Train,Yellowish
sputum_train_0862.jpg,Train,Bluish
sputum_train_0863.jpg,Train,Purplish/Pinkish
sputum_train_0864.jpg,Train,Yellowish
sputum_train_0865.jpg,Train,Purplish/Pinkish
sputum_train_0866.jpg,Train,Purplish/Pinkish
sputum_train_0867.jpg,Train,Purplish/Pinkish
sputum_train_0868.jpg,Train,Purplish/Pinkish
sputum_train_0869.jpg,Train,Purplish/Pinkish
sputum_train_0870.jpg,Train,Yellowish
sputum_train_0871.png,Train,Yellowish
sputum_train_0872.jpg,Train,Purplish/Pinkish
sputum_train_0873.jpg,Train,Yellowish
sputum_train_0874.jpg,Train,Yellowish
sputum_train_0875.jpg,Train,Greenish
sputum_train_0876.jpg,Train,Purplish/Pinkish
sputum_train_0877.jpg,Train,Yellowish
sputum_train_0878.jpg,Train,Yellowish
sputum_train_0879.jpg,Train,Yellowish
sputum_train_0880.png,Train,Greenish
sputum_train_0881.jpg,Train,Yellowish
sputum_train_0882.jpg,Train,Bluish
sputum_train_0883.jpg,Train,Yellowish
sputum_train_0884.jpg,Train,Purplish/Pinkish
sputum_train_0885.jpg,Train,Purplish/Pinkish
sputum_train_0886.jpg,Train,Yellowish
sputum_train_0887.jpg,Train,Yellowish
sputum_train_0888.jpg,Train,Yellowish
sputum_train_0889.jpg,Train,Purplish/Pinkish
sputum_train_0890.jpg,Train,Purplish/Pinkish
sputum_train_0891.jpg,Train,Yellowish
sputum_train_0892.jpg,Train,Purplish/Pinkish
sputum_train_0893.jpg,Train,Yellowish
sputum_train_0894.jpg,Train,Yellowish
sputum_train_0895.jpg,Train,Yellowish
sputum_train_0896.jpg,Train,Yellowish
sputum_train_0897.jpg,Train,Yellowish
sputum_train_0898.jpg,Train,Yellowish
sputum_train_0899.jpg,Train,Yellowish
sputum_train_0900.jpg,Train,Yellowish
sputum_train_0901.jpg,Train,Purplish/Pinkish
sputum_train_0902.jpg,Train,Purplish/Pinkish
sputum_train_0903.jpg,Train,Purplish/Pinkish
sputum_train_0904.jpg,Train,Yellowish
sputum_train_0905.jpg,Train,Yellowish
sputum_train_0906.png,Train,Yellowish
sputum_train_0907.jpg,Train,Purplish/Pinkish
sputum_train_0908.jpg,Train,Yellowish
sputum_train_0909.jpg,Train,Yellowish
sputum_train_0910.jpg,Train,Purplish/Pinkish
sputum_train_0911.jpg,Train,Purplish/Pinkish
sputum_train_0912.jpg,Train,Purplish/Pinkish
sputum_train_0913.jpg,Train,Purplish/Pinkish
sputum_train_0914.png,Train,Greenish
sputum_train_0915.jpg,Train,Bluish
sputum_train_0916.jpg,Train,Purplish/Pinkish
sputum_train_0917.jpg,Train,Yellowish
sputum_train_0918.jpg,Train,Yellowish
sputum_train_0919.jpg,Train,Yellowish
sputum_train_0920.jpg,Train,Purplish/Pinkish
sputum_train_0921.jpg,Train,Purplish/Pinkish
sputum_train_0922.jpg,Train,Bluish
sputum_train_0923.jpg,Train,Greenish
sputum_train_0924.jpg,Train,Yellowish
sputum_train_0925.jpg,Train,Purplish/Pinkish
sputum_train_0926.jpg,Train,Yellowish
sputum_train_0927.jpg,Train,Bluish
sputum_train_0928.jpg,Train,Yellowish
sputum_train_0929.jpg,Train,Purplish/Pinkish
sputum_train_0930.jpg,Train,Yellowish
sputum_train_0931.jpg,Train,Purplish/Pinkish
sputum_train_0932.jpg,Train,Yellowish
sputum_train_0933.jpg,Train,Yellowish
sputum_train_0934.jpg,Train,Purplish/Pinkish
sputum_train_0935.jpg,Train,Yellowish
sputum_train_0936.jpg,Train,Yellowish
sputum_train_0937.png,Train,Yellowish
sputum_train_0938.jpg,Train,Bluish
sputum_train_0939.png,Train,Yellowish
sputum_train_0940.jpg,Train,Purplish/Pinkish
sputum_train_0941.png,Train,Yellowish
sputum_train_0942.jpg,Train,Purplish/Pinkish
sputum_train_0943.jpg,Train,Purplish/Pinkish
sputum_train_0944.jpg,Train,Purplish/Pinkish
sputum_train_0945.jpg,Train,Yellowish
sputum_train_0946.jpg,Train,Yellowish
sputum_train_0947.jpg,Train,Yellowish
sputum_train_0948.jpg,Train,Purplish/Pinkish
sputum_train_0949.jpg,Train,Bluish
sputum_train_0950.jpg,Train,Bluish
sputum_train_0951.jpg,Train,Yellowish
sputum_train_0952.jpg,Train,Yellowish
sputum_train_0953.jpg,Train,Purplish/Pinkish
sputum_train_0954.jpg,Train,Yellowish
sputum_train_0955.jpg,Train,Purplish/Pinkish
sputum_train_0956.jpg,Train,Yellowish
sputum_train_0957.jpg,Train,Yellowish
sputum_train_0958.jpg,Train,Yellowish
sputum_train_0959.jpg,Train,Yellowish
sputum_train_0960.png,Train,Greenish
sputum_train_0961.jpg,Train,Yellowish
sputum_train_0962.jpg,Train,Bluish
sputum_train_0963.jpg,Train,Yellowish
sputum_train_0964.jpg,Train,Yellowish
sputum_train_0965.jpg,Train,Yellowish
sputum_train_0966.jpg,Train,Yellowish
sputum_train_0967.jpg,Train,Bluish
sputum_train_0968.jpg,Train,Yellowish
sputum_train_0969.jpg,Train,Yellowish
sputum_train_0970.jpg,Train,Purplish/Pinkish
sputum_train_0971.jpg,Train,Bluish
sputum_train_0972.jpg,Train,Purplish/Pinkish
sputum_train_0973.jpg,Train,Purplish/Pinkish
sputum_train_0974.jpg,Train,Yellowish
sputum_train_0975.jpg,Train,Yellowish
sputum_train_0976.jpg,Train,Yellowish
sputum_train_0977.jpg,Train,Purplish/Pinkish
sputum_train_0978.jpg,Train,Bluish
sputum_train_0979.jpg,Train,Yellowish
sputum_train_0980.jpg,Train,Purplish/Pinkish
sputum_train_0981.jpg,Train,Purplish/Pinkish
sputum_train_0982.jpg,Train,Yellowish
sputum_train_0983.jpg,Train,Purplish/Pinkish
sputum_train_0984.jpg,Train,Purplish/Pinkish
sputum_train_0985.jpg,Train,Bluish
sputum_train_0986.jpg,Train,Yellowish
sputum_train_0987.jpg,Train,Purplish/Pinkish
sputum_train_0988.jpg,Train,Yellowish
sputum_train_0989.jpg,Train,Purplish/Pinkish
sputum_train_0990.jpg,Train,Yellowish
sputum_train_0991.jpg,Train,Purplish/Pinkish
sputum_train_0992.jpg,Train,Yellowish
sputum_train_0993.jpg,Train,Purplish/Pinkish
sputum_train_0994.jpg,Train,Yellowish
sputum_train_0995.jpg,Train,Purplish/Pinkish
sputum_train_0996.png,Train,Yellowish
sputum_train_0997.jpg,Train,Purplish/Pinkish
sputum_train_0998.jpg,Train,Purplish/Pinkish
sputum_train_0999.png,Train,Yellowish
sputum_train_1000.jpg,Train,Bluish
sputum_train_1001.jpg,Train,Yellowish
sputum_train_1002.jpg,Train,Yellowish
sputum_train_1003.jpg,Train,Purplish/Pinkish
sputum_train_1004.jpg,Train,Purplish/Pinkish
sputum_train_1005.jpg,Train,Yellowish
sputum_train_1006.jpg,Train,Purplish/Pinkish
sputum_train_1007.jpg,Train,Purplish/Pinkish
sputum_train_1008.jpg,Train,Purplish/Pinkish
sputum_train_1009.png,Train,Greenish
sputum_train_1010.jpg,Train,Yellowish
sputum_train_1011.jpg,Train,Purplish/Pinkish
sputum_train_1012.jpg,Train,Bluish
sputum_train_1013.jpg,Train,Purplish/Pinkish
sputum_train_1014.jpg,Train,Yellowish
sputum_train_1015.jpg,Train,Purplish/Pinkish
sputum_train_1016.jpg,Train,Yellowish
sputum_train_1017.jpg,Train,Yellowish
sputum_train_1018.jpg,Train,Purplish/Pinkish
sputum_train_1019.jpg,Train,Purplish/Pinkish
sputum_train_1020.jpg,Train,Yellowish
sputum_train_1021.jpg,Train,Purplish/Pinkish
sputum_train_1022.jpg,Train,Purplish/Pinkish
sputum_train_1023.jpg,Train,Purplish/Pinkish
sputum_train_1024.jpg,Train,Purplish/Pinkish
sputum_train_1025.jpg,Train,Yellowish
sputum_train_1026.jpg,Train,Yellowish
sputum_train_1027.jpg,Train,Yellowish
sputum_train_1028.jpg,Train,Yellowish
sputum_train_1029.jpg,Train,Bluish
sputum_train_1030.jpg,Train,Purplish/Pinkish
sputum_train_1031.jpg,Train,Yellowish
sputum_train_1032.jpg,Train,Yellowish
sputum_train_1033.jpg,Train,Purplish/Pinkish
sputum_train_1034.jpg,Train,Bluish
sputum_train_1035.jpg,Train,Purplish/Pinkish
sputum_train_1036.jpg,Train,Bluish
sputum_train_1037.jpg,Train,Bluish
sputum_train_1038.jpg,Train,Purplish/Pinkish
sputum_train_1039.jpg,Train,Bluish
sputum_train_1040.png,Train,Yellowish
sputum_train_1041.jpg,Train,Purplish/Pinkish
sputum_train_1042.jpg,Train,Yellowish
sputum_train_1043.jpg,Train,Yellowish
sputum_train_1044.jpg,Train,Yellowish
sputum_train_1045.jpg,Train,Purplish/Pinkish
sputum_train_1046.jpg,Train,Purplish/Pinkish
sputum_train_1047.jpg,Train,Purplish/Pinkish
sputum_train_1048.png,Train,Yellowish
sputum_train_1049.jpg,Train,Yellowish
sputum_train_1050.jpg,Train,Yellowish
sputum_train_1051.jpg,Train,Yellowish
sputum_train_1052.jpg,Train,Purplish/Pinkish
sputum_train_1053.jpg,Train,Yellowish
sputum_train_1054.jpg,Train,Purplish/Pinkish
sputum_train_1055.jpg,Train,Purplish/Pinkish
sputum_train_1056.jpg,Train,Purplish/Pinkish
sputum_train_1057.jpg,Train,Yellowish
sputum_train_1058.jpg,Train,Yellowish
sputum_train_1059.jpg,Train,Purplish/Pinkish
sputum_train_1060.jpg,Train,Bluish
sputum_train_1061.jpg,Train,Purplish/Pinkish
sputum_train_1062.png,Train,Yellowish
sputum_train_1063.jpg,Train,Yellowish
sputum_train_1064.jpg,Train,Purplish/Pinkish
sputum_train_1065.jpg,Train,Purplish/Pinkish
sputum_train_1066.jpg,Train,Yellowish
sputum_train_1067.jpg,Train,Purplish/Pinkish
sputum_train_1068.jpg,Train,Yellowish
sputum_train_1069.jpg,Train,Purplish/Pinkish
sputum_train_1070.jpg,Train,Yellowish
sputum_train_1071.jpg,Train,Purplish/Pinkish
sputum_train_1072.jpg,Train,Yellowish
sputum_train_1073.jpg,Train,Yellowish
sputum_train_1074.jpg,Train,Yellowish
sputum_train_1075.jpg,Train,Purplish/Pinkish
sputum_train_1076.jpg,Train,Yellowish
sputum_train_1077.jpg,Train,Yellowish
sputum_train_1078.jpg,Train,Yellowish
sputum_train_1079.jpg,Train,Yellowish
sputum_train_1080.jpg,Train,Purplish/Pinkish
sputum_train_1081.jpg,Train,Yellowish
sputum_train_1082.jpg,Train,Purplish/Pinkish
sputum_train_1083.jpg,Train,Purplish/Pinkish
sputum_train_1084.jpg,Train,Purplish/Pinkish
sputum_train_1085.jpg,Train,Yellowish
sputum_train_1086.jpg,Train,Purplish/Pinkish
sputum_train_1087.jpg,Train,Yellowish
sputum_train_1088.jpg,Train,Yellowish
sputum_train_1089.jpg,Train,Purplish/Pinkish
sputum_train_1090.jpg,Train,Yellowish
sputum_train_1091.jpg,Train,Purplish/Pinkish
sputum_train_1092.jpg,Train,Purplish/Pinkish
sputum_train_1093.jpg,Train,Yellowish
sputum_train_1094.jpg,Train,Greenish
sputum_train_1095.jpg,Train,Yellowish
sputum_train_1096.jpg,Train,Yellowish
sputum_train_1097.jpg,Train,Yellowish
sputum_train_1098.jpg,Train,Purplish/Pinkish
sputum_train_1099.jpg,Train,Purplish/Pinkish
sputum_train_1100.jpg,Train,Yellowish
sputum_train_1101.jpg,Train,Yellowish
sputum_train_1102.jpg,Train,Purplish/Pinkish
sputum_train_1103.jpg,Train,Yellowish
sputum_train_1104.jpg,Train,Yellowish
sputum_train_1105.jpg,Train,Purplish/Pinkish
sputum_train_1106.png,Train,Yellowish
sputum_train_1107.jpg,Train,Yellowish
sputum_train_1108.jpg,Train,Yellowish
sputum_train_1109.jpg,Train,Yellowish
sputum_train_1110.jpg,Train,Greenish
sputum_train_1111.jpg,Train,Purplish/Pinkish
sputum_train_1112.jpg,Train,Purplish/Pinkish
sputum_train_1113.jpg,Train,Yellowish
sputum_train_1114.jpg,Train,Bluish
sputum_train_1115.jpg,Train,Yellowish
sputum_train_1116.jpg,Train,Yellowish
sputum_train_1117.jpg,Train,Purplish/Pinkish
sputum_train_1118.jpg,Train,Greenish
sputum_train_1119.jpg,Train,Yellowish
sputum_train_1120.jpg,Train,Yellowish
sputum_train_1121.jpg,Train,Purplish/Pinkish
sputum_train_1122.jpg,Train,Yellowish
sputum_train_1123.jpg,Train,Purplish/Pinkish
sputum_train_1124.jpg,Train,Yellowish
sputum_train_1125.jpg,Train,Yellowish
sputum_train_1126.jpg,Train,Purplish/Pinkish
sputum_train_1127.jpg,Train,Purplish/Pinkish
sputum_train_1128.jpg,Train,Yellowish
sputum_train_1129.png,Train,Yellowish
sputum_train_1130.jpg,Train,Purplish/Pinkish
sputum_train_1131.jpg,Train,Yellowish
sputum_train_1132.jpg,Train,Yellowish
sputum_train_1133.jpg,Train,Yellowish
sputum_train_1134.jpg,Train,Yellowish
sputum_train_1135.jpg,Train,Purplish/Pinkish
sputum_train_1136.jpg,Train,Yellowish
sputum_train_1137.jpg,Train,Yellowish
sputum_train_1138.jpg,Train,Bluish
sputum_train_1139.jpg,Train,Purplish/Pinkish
sputum_train_1140.jpg,Train,Purplish/Pinkish
sputum_train_1141.jpg,Train,Yellowish
sputum_train_1142.jpg,Train,Yellowish
sputum_train_1143.jpg,Train,Purplish/Pinkish
sputum_train_1144.jpg,Train,Purplish/Pinkish
sputum_train_1145.jpg,Train,Purplish/Pinkish
sputum_train_1146.jpg,Train,Purplish/Pinkish
sputum_train_1147.jpg,Train,Purplish/Pinkish
sputum_train_1148.jpg,Train,Yellowish
sputum_train_1149.jpg,Train,Yellowish
sputum_val_0001.jpg,Val,Yellowish
sputum_val_0002.jpg,Val,Purplish/Pinkish
sputum_val_0003.jpg,Val,Yellowish
sputum_val_0004.jpg,Val,Bluish
sputum_val_0005.jpg,Val,Yellowish
sputum_val_0006.png,Val,Yellowish
sputum_val_0007.jpg,Val,Yellowish
sputum_val_0008.jpg,Val,Purplish/Pinkish
sputum_val_0009.jpg,Val,Purplish/Pinkish
sputum_val_0010.jpg,Val,Purplish/Pinkish
sputum_val_0011.jpg,Val,Yellowish
sputum_val_0012.jpg,Val,Purplish/Pinkish
sputum_val_0013.png,Val,Greenish
sputum_val_0014.jpg,Val,Purplish/Pinkish
sputum_val_0015.jpg,Val,Purplish/Pinkish
sputum_val_0016.jpg,Val,Yellowish
sputum_val_0017.jpg,Val,Yellowish
sputum_val_0018.jpg,Val,Purplish/Pinkish
sputum_val_0019.jpg,Val,Purplish/Pinkish
sputum_val_0020.jpg,Val,Bluish
sputum_val_0021.jpg,Val,Purplish/Pinkish
sputum_val_0022.jpg,Val,Purplish/Pinkish
sputum_val_0023.jpg,Val,Purplish/Pinkish
sputum_val_0024.jpg,Val,Purplish/Pinkish
sputum_val_0025.png,Val,Greenish
sputum_val_0026.jpg,Val,Purplish/Pinkish
sputum_val_0027.jpg,Val,Purplish/Pinkish
sputum_val_0028.jpg,Val,Purplish/Pinkish
sputum_val_0029.png,Val,Yellowish
sputum_val_0030.jpg,Val,Purplish/Pinkish
sputum_val_0031.jpg,Val,Yellowish
sputum_val_0032.jpg,Val,Purplish/Pinkish
sputum_val_0033.jpg,Val,Yellowish
sputum_val_0034.jpg,Val,Purplish/Pinkish
sputum_val_0035.jpg,Val,Yellowish
sputum_val_0036.jpg,Val,Yellowish
sputum_val_0037.jpg,Val,Yellowish
sputum_val_0038.jpg,Val,Purplish/Pinkish
sputum_val_0039.jpg,Val,Purplish/Pinkish
sputum_val_0040.png,Val,Greenish
sputum_val_0041.jpg,Val,Yellowish
sputum_val_0042.jpg,Val,Bluish
sputum_val_0043.png,Val,Yellowish
sputum_val_0044.jpg,Val,Yellowish
sputum_val_0045.jpg,Val,Yellowish
sputum_val_0046.jpg,Val,Yellowish
sputum_val_0047.jpg,Val,Yellowish
sputum_val_0048.jpg,Val,Purplish/Pinkish
sputum_val_0049.jpg,Val,Purplish/Pinkish
sputum_val_0050.jpg,Val,Purplish/Pinkish
sputum_val_0051.jpg,Val,Yellowish
sputum_val_0052.jpg,Val,Bluish
sputum_val_0053.jpg,Val,Yellowish
sputum_val_0054.jpg,Val,Purplish/Pinkish
sputum_val_0055.jpg,Val,Yellowish
sputum_val_0056.png,Val,Greenish
sputum_val_0057.jpg,Val,Purplish/Pinkish
sputum_val_0058.jpg,Val,Purplish/Pinkish
sputum_val_0059.jpg,Val,Yellowish
sputum_val_0060.jpg,Val,Purplish/Pinkish
sputum_val_0061.jpg,Val,Purplish/Pinkish
sputum_val_0062.jpg,Val,Bluish
sputum_val_0063.jpg,Val,Yellowish
sputum_val_0064.jpg,Val,Yellowish
sputum_val_0065.jpg,Val,Purplish/Pinkish
sputum_val_0066.png,Val,Yellowish
sputum_val_0067.jpg,Val,Yellowish
sputum_val_0068.jpg,Val,Yellowish
sputum_val_0069.jpg,Val,Bluish
sputum_val_0070.jpg,Val,Yellowish
sputum_val_0071.jpg,Val,Purplish/Pinkish
sputum_val_0072.jpg,Val,Purplish/Pinkish
sputum_val_0073.jpg,Val,Purplish/Pinkish
sputum_val_0074.jpg,Val,Yellowish
sputum_val_0075.png,Val,Yellowish
sputum_val_0076.png,Val,Yellowish
sputum_val_0077.jpg,Val,Purplish/Pinkish
sputum_val_0078.jpg,Val,Purplish/Pinkish
sputum_val_0079.jpg,Val,Purplish/Pinkish
sputum_val_0080.jpg,Val,Yellowish
sputum_val_0081.jpg,Val,Purplish/Pinkish
sputum_val_0082.jpg,Val,Yellowish
sputum_val_0083.jpg,Val,Yellowish
sputum_val_0084.jpg,Val,Yellowish
sputum_val_0085.jpg,Val,Yellowish
sputum_val_0086.jpg,Val,Purplish/Pinkish
sputum_val_0087.jpg,Val,Yellowish
sputum_val_0088.jpg,Val,Purplish/Pinkish
sputum_val_0089.jpg,Val,Yellowish
sputum_val_0090.jpg,Val,Yellowish
sputum_val_0091.jpg,Val,Bluish
sputum_val_0092.jpg,Val,Yellowish
sputum_val_0093.jpg,Val,Purplish/Pinkish
sputum_val_0094.jpg,Val,Yellowish
sputum_val_0095.jpg,Val,Bluish
sputum_val_0096.jpg,Val,Yellowish
sputum_val_0097.png,Val,Yellowish
sputum_val_0098.jpg,Val,Purplish/Pinkish
sputum_val_0099.jpg,Val,Greenish
sputum_val_0100.jpg,Val,Yellowish
sputum_val_0101.jpg,Val,Purplish/Pinkish
sputum_val_0102.jpg,Val,Yellowish
sputum_val_0103.jpg,Val,Purplish/Pinkish
sputum_val_0104.jpg,Val,Purplish/Pinkish
sputum_val_0105.jpg,Val,Yellowish
sputum_val_0106.jpg,Val,Yellowish
sputum_val_0107.png,Val,Yellowish
sputum_val_0108.jpg,Val,Yellowish
sputum_val_0109.jpg,Val,Yellowish
sputum_val_0110.jpg,Val,Purplish/Pinkish
sputum_val_0111.jpg,Val,Yellowish
sputum_val_0112.jpg,Val,Yellowish
sputum_val_0113.jpg,Val,Purplish/Pinkish
sputum_val_0114.jpg,Val,Yellowish
sputum_val_0115.jpg,Val,Bluish
sputum_val_0116.jpg,Val,Yellowish
sputum_val_0117.jpg,Val,Yellowish
sputum_val_0118.jpg,Val,Yellowish
sputum_val_0119.jpg,Val,Yellowish
sputum_val_0120.jpg,Val,Purplish/Pinkish
sputum_val_0121.jpg,Val,Yellowish
sputum_val_0122.jpg,Val,Bluish
sputum_val_0123.jpg,Val,Yellowish
sputum_val_0124.jpg,Val,Purplish/Pinkish
sputum_val_0125.jpg,Val,Bluish
sputum_val_0126.jpg,Val,Yellowish
sputum_val_0127.jpg,Val,Purplish/Pinkish
sputum_val_0128.jpg,Val,Purplish/Pinkish
sputum_val_0129.jpg,Val,Purplish/Pinkish
sputum_val_0130.jpg,Val,Purplish/Pinkish
sputum_val_0131.jpg,Val,Purplish/Pinkish
sputum_val_0132.jpg,Val,Yellowish
sputum_val_0133.jpg,Val,Bluish
sputum_val_0134.jpg,Val,Purplish/Pinkish
sputum_val_0135.jpg,Val,Purplish/Pinkish
sputum_val_0136.jpg,Val,Yellowish
sputum_val_0137.png,Val,Yellowish
sputum_val_0138.jpg,Val,Yellowish
sputum_val_0139.jpg,Val,Yellowish
sputum_val_0140.jpg,Val,Yellowish
sputum_val_0141.jpg,Val,Purplish/Pinkish
sputum_val_0142.jpg,Val,Purplish/Pinkish
sputum_test_0001.jpg,Test,Yellowish
sputum_test_0002.jpg,Test,Yellowish
sputum_test_0003.jpg,Test,Yellowish
sputum_test_0004.jpg,Test,Yellowish
sputum_test_0005.png,Test,Yellowish
sputum_test_0006.jpg,Test,Yellowish
sputum_test_0007.jpg,Test,Purplish/Pinkish
sputum_test_0008.jpg,Test,Purplish/Pinkish
sputum_test_0009.jpg,Test,Yellowish
sputum_test_0010.jpg,Test,Yellowish
sputum_test_0011.png,Test,Yellowish
sputum_test_0012.jpg,Test,Yellowish
sputum_test_0013.jpg,Test,Purplish/Pinkish
sputum_test_0014.jpg,Test,Yellowish
sputum_test_0015.png,Test,Greenish
sputum_test_0016.jpg,Test,Bluish
sputum_test_0017.jpg,Test,Yellowish
sputum_test_0018.jpg,Test,Purplish/Pinkish
sputum_test_0019.jpg,Test,Yellowish
sputum_test_0020.jpg,Test,Yellowish
sputum_test_0021.jpg,Test,Yellowish
sputum_test_0022.jpg,Test,Yellowish
sputum_test_0023.jpg,Test,Purplish/Pinkish
sputum_test_0024.jpg,Test,Purplish/Pinkish
sputum_test_0025.jpg,Test,Bluish
sputum_test_0026.jpg,Test,Yellowish
sputum_test_0027.jpg,Test,Purplish/Pinkish
sputum_test_0028.png,Test,Greenish
sputum_test_0029.jpg,Test,Bluish
sputum_test_0030.jpg,Test,Purplish/Pinkish
sputum_test_0031.jpg,Test,Yellowish
sputum_test_0032.png,Test,Greenish
sputum_test_0033.jpg,Test,Yellowish
sputum_test_0034.jpg,Test,Yellowish
sputum_test_0035.jpg,Test,Purplish/Pinkish
sputum_test_0036.jpg,Test,Purplish/Pinkish
sputum_test_0037.jpg,Test,Purplish/Pinkish
sputum_test_0038.jpg,Test,Yellowish
sputum_test_0039.jpg,Test,Purplish/Pinkish
sputum_test_0040.jpg,Test,Purplish/Pinkish
sputum_test_0041.jpg,Test,Bluish
sputum_test_0042.jpg,Test,Yellowish
sputum_test_0043.jpg,Test,Yellowish
sputum_test_0044.png,Test,Yellowish
sputum_test_0045.jpg,Test,Purplish/Pinkish
sputum_test_0046.jpg,Test,Bluish
sputum_test_0047.jpg,Test,Purplish/Pinkish
sputum_test_0048.jpg,Test,Yellowish
sputum_test_0049.jpg,Test,Yellowish
sputum_test_0050.jpg,Test,Purplish/Pinkish
sputum_test_0051.jpg,Test,Yellowish
sputum_test_0052.jpg,Test,Purplish/Pinkish
sputum_test_0053.jpg,Test,Yellowish
sputum_test_0054.jpg,Test,Purplish/Pinkish
sputum_test_0055.jpg,Test,Yellowish
sputum_test_0056.jpg,Test,Yellowish
sputum_test_0057.jpg,Test,Yellowish
sputum_test_0058.jpg,Test,Purplish/Pinkish
sputum_test_0059.jpg,Test,Purplish/Pinkish
sputum_test_0060.jpg,Test,Greenish
sputum_test_0061.jpg,Test,Purplish/Pinkish
sputum_test_0062.jpg,Test,Purplish/Pinkish
sputum_test_0063.jpg,Test,Greenish
sputum_test_0064.jpg,Test,Yellowish
sputum_test_0065.jpg,Test,Purplish/Pinkish
sputum_test_0066.jpg,Test,Yellowish
sputum_test_0067.jpg,Test,Purplish/Pinkish
sputum_test_0068.jpg,Test,Yellowish
sputum_test_0069.jpg,Test,Yellowish
sputum_test_0070.jpg,Test,Purplish/Pinkish
sputum_test_0071.jpg,Test,Purplish/Pinkish
sputum_test_0072.jpg,Test,Bluish
sputum_test_0073.jpg,Test,Yellowish
sputum_test_0074.jpg,Test,Yellowish
sputum_test_0075.jpg,Test,Yellowish
sputum_test_0076.jpg,Test,Yellowish
sputum_test_0077.jpg,Test,Yellowish
sputum_test_0078.jpg,Test,Yellowish
sputum_test_0079.jpg,Test,Yellowish
sputum_test_0080.png,Test,Greenish
sputum_test_0081.jpg,Test,Bluish
sputum_test_0082.jpg,Test,Purplish/Pinkish
sputum_test_0083.jpg,Test,Purplish/Pinkish
sputum_test_0084.jpg,Test,Purplish/Pinkish
sputum_test_0085.jpg,Test,Yellowish
sputum_test_0086.jpg,Test,Yellowish
sputum_test_0087.jpg,Test,Purplish/Pinkish
sputum_test_0088.jpg,Test,Bluish
sputum_test_0089.jpg,Test,Purplish/Pinkish
sputum_test_0090.jpg,Test,Yellowish
sputum_test_0091.jpg,Test,Yellowish
sputum_test_0092.jpg,Test,Bluish
sputum_test_0093.jpg,Test,Purplish/Pinkish
sputum_test_0094.jpg,Test,Purplish/Pinkish
sputum_test_0095.jpg,Test,Bluish
sputum_test_0096.jpg,Test,Yellowish
sputum_test_0097.jpg,Test,Yellowish
sputum_test_0098.jpg,Test,Yellowish
sputum_test_0099.jpg,Test,Purplish/Pinkish
sputum_test_0100.jpg,Test,Purplish/Pinkish
sputum_test_0101.jpg,Test,Purplish/Pinkish
sputum_test_0102.jpg,Test,Purplish/Pinkish
sputum_test_0103.jpg,Test,Purplish/Pinkish
sputum_test_0104.jpg,Test,Purplish/Pinkish
sputum_test_0105.jpg,Test,Yellowish
sputum_test_0106.jpg,Test,Yellowish
sputum_test_0107.jpg,Test,Purplish/Pinkish
sputum_test_0108.jpg,Test,Purplish/Pinkish
sputum_test_0109.jpg,Test,Purplish/Pinkish
sputum_test_0110.png,Test,Yellowish
sputum_test_0111.jpg,Test,Yellowish
sputum_test_0112.jpg,Test,Yellowish
sputum_test_0113.jpg,Test,Yellowish
sputum_test_0114.jpg,Test,Purplish/Pinkish
sputum_test_0115.jpg,Test,Purplish/Pinkish
sputum_test_0116.jpg,Test,Bluish
sputum_test_0117.jpg,Test,Purplish/Pinkish
sputum_test_0118.jpg,Test,Yellowish
sputum_test_0119.jpg,Test,Yellowish
sputum_test_0120.jpg,Test,Yellowish
sputum_test_0121.png,Test,Yellowish
sputum_test_0122.jpg,Test,Purplish/Pinkish
sputum_test_0123.jpg,Test,Yellowish
sputum_test_0124.jpg,Test,Bluish
sputum_test_0125.png,Test,Yellowish
sputum_test_0126.jpg,Test,Yellowish
sputum_test_0127.jpg,Test,Bluish
sputum_test_0128.jpg,Test,Purplish/Pinkish
sputum_test_0129.jpg,Test,Purplish/Pinkish
sputum_test_0130.jpg,Test,Yellowish
sputum_test_0131.jpg,Test,Purplish/Pinkish
sputum_test_0132.jpg,Test,Yellowish
sputum_test_0133.jpg,Test,Purplish/Pinkish
sputum_test_0134.jpg,Test,Purplish/Pinkish
sputum_test_0135.jpg,Test,Purplish/Pinkish
sputum_test_0136.jpg,Test,Purplish/Pinkish
sputum_test_0137.jpg,Test,Yellowish
sputum_test_0138.png,Test,Yellowish
sputum_test_0139.jpg,Test,Purplish/Pinkish
sputum_test_0140.jpg,Test,Yellowish
sputum_test_0141.jpg,Test,Greenish
sputum_test_0142.jpg,Test,Yellowish
sputum_test_0143.jpg,Test,Yellowish
sputum_test_0144.jpg,Test,Yellowish
sputum_test_0145.jpg,Test,Purplish/Pinkish
sputum_test_0146.jpg,Test,Purplish/Pinkish
sputum_test_0147.jpg,Test,Purplish/Pinkish
